from_user,to_user,since
1,26,2025
1,27,2022
2,31,2020
2,14,2025
2,26,2021
3,22,2020
3,19,2017
3,1,2022
4,40,2017
4,11,2021
5,2,2019
5,1,2022
6,5,2019
6,26,2022
6,29,2022
6,33,2017
7,13,2021
8,18,2021
9,12,2020
9,8,2022
10,31,2025
11,32,2025
11,35,2024
11,33,2024
11,40,2021
12,11,2024
12,34,2021
13,24,2019
14,12,2023
14,20,2017
15,35,2017
15,2,2019
15,19,2022
16,9,2020
16,11,2019
17,18,2022
18,2,2023
18,30,2025
19,8,2020
20,9,2020
20,38,2018
20,31,2024
20,13,2020
21,35,2019
21,2,2020
22,33,2019
22,35,2020
22,6,2025
23,12,2020
23,5,2022
24,3,2022
24,36,2023
24,26,2020
24,15,2018
25,8,2022
25,30,2018
26,17,2024
26,34,2020
26,6,2023
26,39,2019
27,16,2022
27,6,2019
28,12,2018
28,11,2024
28,23,2017
29,38,2024
29,9,2023
30,7,2023
30,2,2025
30,23,2023
30,40,2019
31,17,2018
31,24,2025
32,24,2020
32,31,2020
33,31,2022
33,23,2022
33,14,2022
33,26,2025
34,9,2024
34,40,2017
34,35,2021
34,37,2024
35,30,2021
35,4,2017
35,37,2018
36,32,2019
36,17,2022
36,39,2025
36,24,2019
37,16,2019
38,11,2019
38,39,2025
38,40,2020
38,35,2021
39,26,2023
39,10,2020
39,11,2023
39,32,2023
40,15,2023
40,30,2017
40,23,2021
40,27,2021
