movie_id,genre
1,Animation
1,Drama
2,Action
2,Animation
2,Romance
3,Sci-Fi
3,Comedy
3,Crime
4,Animation
4,Action
5,Animation
5,Comedy
6,Action
7,Crime
7,Action
8,Thriller
8,Animation
9,Drama
9,Animation
10,Action
11,Crime
11,Drama
12,Thriller
13,Crime
13,Thriller
13,Comedy
14,Romance
15,Action
15,Comedy
15,Animation
16,Crime
17,Sci-Fi
18,Animation
18,Romance
19,Romance
19,Animation
20,Sci-Fi
20,Comedy
21,Animation
21,Thriller
21,Romance
22,Crime
23,Action
23,Comedy
23,Crime
24,Crime
25,Drama
26,Drama
26,Thriller
27,Sci-Fi
27,Thriller
28,Romance
28,Animation
28,Comedy
29,Drama
30,Action
30,Sci-Fi
31,Thriller
32,Animation
32,Crime
32,Thriller
33,Comedy
33,Crime
33,Action
34,Drama
34,Crime
34,Animation
35,Thriller
35,Romance
36,Thriller
36,Comedy
37,Romance
37,Action
37,Crime
38,Crime
38,Comedy
38,Drama
39,Sci-Fi
39,Drama
40,Thriller
40,Action
