person_id,name,born,country
1,Keanu Reeves,1964,CA
2,Carrie-Anne Moss,1967,CA
3,Laurence Fishburne,1961,US
4,Hugo Weaving,1960,AU
5,Lana Wachowski,1965,US
6,Lilly Wachowski,1967,US
7,Tom Hanks,1956,US
8,Meg Ryan,1961,US
9,Nora Ephron,1941,US
10,Rob Reiner,1947,US
11,Andres Vaher,1969,IT
12,Elena Haddad,1940,FR
13,Hans Conti,1946,US
14,Rasmus Kuusk,1970,SE
15,Yuki Kivi,1941,IT
16,Kadri Pärn,1953,JP
17,Lars Rossi,1942,SE
18,Liis Virtanen,1986,US
19,Sofia Virtanen,1949,SE
20,Yuki Nurmi,1963,IT
21,Yuki Rebane,1984,US
22,Rasmus Bergman,1977,SE
23,Liis Jarvis,1987,IT
24,Pierre Sepp,1980,JP
25,Peeter Aru,1976,JP
26,Triin Org,1964,US
27,Helena Lindqvist,1954,JP
28,Peeter Vares,1957,EE
29,Haruto Holm,1989,JP
30,Reet Holm,1988,EE
31,Mart Paju,1960,DE
32,Sofia Rossi,1984,US
33,Pierre Petrov,1975,GB
34,Helena Sepp,1964,JP
35,Siim Sepp,1950,DE
36,Omar Weber,1978,FR
37,Nils Schmidt,1966,US
38,Reet Vares,1961,DE
39,Toomas Koppel,1973,JP
40,Kadri Kuusk,1966,GB
41,Pille Nurmi,1953,JP
42,Marta Koppel,1983,US
43,Freya Kask,1979,SE
44,Peeter Jarvis,1984,DE
45,Marco Sato,1967,GB
46,Anna Luik,1972,IT
47,Katarina Schmidt,1989,EE
48,Haruto Laine,1955,FR
49,Juhan Ilves,1981,SE
50,Siim Olsen,1941,EE
51,Emil Pärn,1963,US
52,Elena Kuusk,1985,SE
53,Maria Tanaka,1973,SE
54,Eva Haddad,1944,GB
55,Liis Saar,1974,GB
56,Marta Saar,1941,SE
57,Tiit Ilves,1959,SE
58,Leila Petrov,1989,FR
59,Kaia Schmidt,1971,JP
60,Dmitri Tanaka,1971,EE
