user_id,movie_id,rating,rated_year
1,39,4,2020
1,40,5,2020
1,7,3,2017
1,31,5,2023
1,12,4,2016
2,27,3,2017
2,4,5,2021
2,30,4,2023
2,25,3,2025
2,28,4,2023
3,16,5,2023
3,4,4,2023
3,13,5,2023
3,1,4,2025
3,11,3,2017
3,26,4,2023
3,18,5,2024
3,30,5,2021
3,32,2,2016
3,2,4,2017
3,12,5,2023
3,20,3,2020
3,21,3,2016
3,33,3,2022
3,40,4,2016
3,23,5,2017
3,38,4,2022
4,11,2,2022
4,25,4,2022
4,30,1,2023
4,28,4,2021
4,3,1,2022
5,27,5,2019
5,28,4,2017
5,14,4,2019
5,15,5,2016
5,19,5,2017
5,24,4,2016
5,17,2,2023
5,2,4,2018
5,30,3,2018
5,22,3,2016
5,18,5,2021
5,33,5,2025
5,29,1,2023
5,7,5,2020
5,3,5,2019
6,8,3,2025
6,7,2,2021
6,36,5,2018
6,21,4,2018
6,37,5,2022
6,24,4,2022
6,15,2,2021
6,33,4,2017
6,26,4,2020
6,2,3,2024
6,29,4,2021
6,13,5,2018
6,17,5,2022
7,33,5,2021
7,27,4,2020
7,11,2,2024
7,24,2,2018
7,5,4,2025
7,4,5,2021
7,6,3,2024
7,35,5,2016
7,37,3,2023
7,36,5,2016
7,18,3,2021
7,28,3,2021
7,17,3,2023
7,2,4,2016
7,39,1,2023
7,14,1,2021
7,23,4,2017
8,7,4,2017
8,21,3,2016
8,30,5,2024
8,29,4,2019
8,12,5,2017
8,27,4,2018
8,2,4,2020
8,37,2,2024
8,39,2,2025
8,4,4,2025
8,40,4,2022
8,10,5,2016
8,3,5,2021
9,20,4,2020
9,31,2,2023
9,18,2,2023
9,7,4,2016
9,1,3,2018
9,11,2,2020
9,27,2,2020
9,19,4,2020
9,36,4,2024
9,2,3,2025
9,21,2,2023
9,13,4,2019
9,9,3,2016
9,33,4,2022
9,23,4,2022
9,35,5,2017
9,4,4,2020
9,3,2,2019
10,22,4,2025
10,12,1,2018
10,1,2,2018
10,38,4,2025
10,2,3,2023
10,11,5,2019
10,7,4,2020
10,13,4,2022
10,34,3,2022
10,15,2,2025
10,10,4,2017
10,39,5,2017
10,24,5,2021
10,14,2,2024
10,37,2,2019
10,5,5,2021
11,16,3,2018
11,33,2,2025
11,18,2,2017
11,38,3,2017
11,1,1,2022
11,19,5,2017
11,22,2,2016
11,27,4,2016
11,30,1,2023
11,26,3,2016
11,7,1,2019
11,9,5,2018
11,15,5,2023
11,3,5,2022
11,36,4,2024
11,28,5,2018
11,35,3,2022
11,34,5,2025
11,32,1,2024
11,13,3,2016
12,8,4,2024
12,30,3,2022
12,18,4,2025
12,33,2,2020
12,4,3,2016
12,39,2,2024
12,24,2,2021
12,36,4,2025
12,1,4,2019
12,20,4,2017
12,11,5,2025
12,22,4,2023
13,36,5,2018
13,13,4,2019
13,31,4,2019
13,32,5,2020
13,6,3,2022
13,19,4,2018
13,2,4,2021
13,40,4,2018
13,8,5,2017
13,23,3,2016
13,22,5,2018
13,18,5,2022
14,17,2,2023
14,14,3,2021
14,36,3,2017
14,31,3,2022
14,7,2,2025
14,19,2,2019
14,23,3,2017
14,15,2,2018
14,2,5,2021
14,35,5,2022
14,34,3,2022
14,38,2,2021
14,30,1,2024
14,26,4,2024
14,25,4,2022
14,33,2,2018
15,1,3,2020
15,14,3,2020
15,21,5,2017
15,27,5,2021
15,15,2,2020
15,12,1,2018
15,16,5,2020
15,9,4,2018
15,3,5,2016
15,24,5,2016
15,6,3,2018
15,20,5,2020
15,7,5,2018
15,18,5,2019
15,31,1,2020
15,10,3,2020
15,2,5,2016
15,4,3,2020
15,35,4,2016
16,8,4,2017
16,36,4,2024
16,29,5,2024
16,30,4,2016
16,2,4,2024
16,18,5,2023
16,4,4,2024
16,28,5,2024
16,23,5,2019
16,33,5,2021
16,37,4,2018
17,32,3,2022
17,24,4,2024
17,10,3,2018
17,13,2,2020
17,18,1,2023
17,35,5,2017
17,4,2,2020
17,28,3,2016
17,20,3,2023
17,1,5,2019
17,8,3,2023
17,30,4,2025
17,9,5,2018
17,38,4,2017
17,7,4,2018
17,15,3,2021
17,21,4,2023
17,14,4,2018
17,11,2,2024
17,36,2,2024
18,8,2,2021
18,16,3,2018
18,39,4,2018
18,20,3,2020
18,35,3,2019
18,9,5,2022
18,10,4,2020
18,5,3,2023
18,12,5,2022
18,40,3,2021
18,22,3,2018
18,23,2,2023
18,1,3,2024
18,4,3,2020
18,33,3,2019
18,17,2,2016
18,24,2,2016
18,14,4,2021
18,27,4,2023
18,13,3,2023
18,38,4,2022
19,11,3,2016
19,21,3,2017
19,5,3,2024
19,30,2,2018
19,17,4,2018
19,24,3,2020
19,2,3,2023
19,31,2,2021
19,9,3,2016
19,26,4,2019
19,32,3,2022
19,28,5,2025
19,20,2,2020
19,33,1,2019
19,1,5,2024
19,3,3,2017
20,1,5,2020
20,28,2,2017
20,30,3,2025
20,8,5,2019
20,22,4,2017
20,25,5,2019
20,37,3,2019
20,20,1,2019
20,31,2,2023
20,6,4,2018
20,34,2,2016
20,17,4,2023
20,27,5,2025
20,26,5,2025
20,2,4,2022
20,15,5,2023
20,4,3,2024
21,3,5,2017
21,18,4,2019
21,21,5,2022
21,39,5,2025
21,36,5,2024
21,32,3,2020
21,12,5,2021
21,27,5,2020
21,19,5,2018
21,37,1,2021
21,2,3,2023
21,29,3,2025
21,10,3,2018
22,29,4,2019
22,31,5,2025
22,30,4,2025
22,27,5,2021
22,6,3,2017
22,23,3,2025
22,37,4,2020
22,18,2,2019
22,15,4,2022
22,7,5,2023
23,16,5,2021
23,37,5,2021
23,29,5,2017
23,11,4,2019
23,19,3,2017
23,5,2,2016
23,35,2,2023
23,24,4,2020
23,8,3,2023
23,12,3,2023
23,6,1,2018
23,40,4,2023
23,15,2,2025
23,38,4,2023
23,22,5,2018
23,36,2,2024
23,27,4,2023
24,13,1,2020
24,25,5,2021
24,40,5,2016
24,33,4,2019
24,18,5,2023
24,11,4,2021
24,21,4,2023
24,28,3,2019
24,32,3,2022
24,30,5,2019
24,4,5,2024
24,38,2,2017
25,12,4,2019
25,23,4,2022
25,6,3,2020
25,29,2,2025
25,15,4,2021
25,3,3,2016
25,11,5,2018
25,28,1,2022
26,7,1,2023
26,18,1,2017
26,36,2,2017
26,1,5,2018
26,8,4,2017
26,5,5,2020
26,28,3,2023
26,22,3,2023
26,17,3,2020
26,12,4,2021
26,32,5,2018
26,14,5,2020
26,30,2,2023
26,29,4,2017
26,27,3,2025
26,16,3,2021
26,31,4,2020
26,40,5,2020
27,16,4,2017
27,27,4,2021
27,5,5,2019
27,38,4,2017
27,13,1,2024
27,8,2,2025
27,40,4,2017
27,2,3,2022
27,15,1,2017
27,24,4,2019
27,37,4,2023
27,23,4,2021
27,32,4,2021
27,34,3,2023
27,19,2,2024
27,31,4,2020
27,18,2,2016
28,34,4,2019
28,37,5,2020
28,18,3,2024
28,29,3,2019
28,40,5,2022
28,14,1,2021
28,31,5,2020
28,27,2,2024
28,21,1,2017
28,25,5,2020
28,35,4,2018
28,17,5,2022
28,28,3,2017
28,38,4,2016
29,22,2,2018
29,29,4,2024
29,27,1,2022
29,31,5,2025
29,23,5,2024
29,11,5,2020
29,17,5,2025
29,3,5,2019
29,7,5,2024
29,1,4,2024
29,9,1,2020
29,15,4,2024
29,39,4,2025
29,32,2,2020
29,14,4,2016
30,1,5,2022
30,2,5,2020
30,40,4,2020
30,21,3,2017
30,11,5,2022
30,35,2,2019
30,6,3,2020
30,4,4,2017
30,37,5,2017
30,14,1,2017
30,33,3,2018
30,28,2,2020
30,7,4,2023
30,20,3,2024
30,25,4,2019
30,18,2,2025
30,30,5,2025
31,16,3,2022
31,30,3,2016
31,39,4,2018
31,14,4,2016
31,15,2,2016
31,17,1,2025
31,9,4,2024
31,19,1,2021
31,37,3,2024
31,6,3,2025
32,31,4,2019
32,14,4,2019
32,7,4,2020
32,18,4,2020
32,22,5,2025
32,12,4,2019
32,4,5,2022
32,10,5,2017
32,19,5,2017
32,36,4,2017
32,33,5,2018
32,15,3,2023
33,26,2,2016
33,12,4,2023
33,30,4,2019
33,36,3,2016
33,25,3,2025
33,8,5,2024
33,7,3,2021
33,32,4,2020
33,29,2,2020
33,33,3,2023
33,9,4,2025
33,34,5,2017
33,31,4,2016
33,1,3,2019
33,28,4,2025
33,11,2,2023
33,13,4,2017
33,6,3,2023
33,3,2,2016
34,33,4,2024
34,30,2,2016
34,28,3,2017
34,35,3,2022
34,21,3,2023
34,12,4,2017
34,29,5,2017
35,19,5,2021
35,17,4,2024
35,2,2,2023
35,13,4,2020
35,5,4,2016
35,20,4,2022
35,31,2,2020
35,32,5,2019
35,33,5,2020
35,9,3,2025
35,22,5,2025
35,40,2,2017
35,12,3,2021
35,27,3,2022
35,4,1,2021
35,25,4,2023
35,21,1,2017
35,37,4,2016
35,18,5,2024
35,38,5,2024
35,35,3,2021
36,2,4,2016
36,38,4,2016
36,35,2,2024
36,22,1,2016
36,5,4,2020
36,6,4,2018
36,27,5,2021
36,39,5,2025
36,29,4,2022
37,24,4,2019
37,4,3,2019
37,10,5,2020
37,40,2,2016
37,33,4,2019
37,18,3,2021
37,21,1,2023
37,20,2,2023
38,6,5,2018
38,24,3,2020
38,27,2,2021
38,17,4,2021
38,16,2,2019
38,28,4,2017
38,13,4,2017
38,10,1,2025
38,26,1,2019
38,7,5,2018
38,2,5,2024
38,39,3,2023
38,30,3,2024
38,12,5,2022
38,20,4,2017
38,18,4,2022
39,30,5,2016
39,34,4,2024
39,32,4,2023
39,31,1,2023
39,3,4,2025
40,5,5,2021
40,11,4,2020
40,1,2,2018
40,4,5,2017
40,26,5,2021
40,16,3,2018
40,38,4,2018
40,30,5,2021
40,2,3,2021
40,23,3,2016
