user_id,name,joined,country
1,user001,2019,US
2,user002,2015,FR
3,user003,2017,SE
4,user004,2022,FR
5,user005,2022,US
6,user006,2017,US
7,user007,2025,IT
8,user008,2017,US
9,user009,2025,IT
10,user010,2025,DE
11,user011,2021,US
12,user012,2022,FR
13,user013,2019,FR
14,user014,2015,JP
15,user015,2025,EE
16,user016,2022,DE
17,user017,2016,SE
18,user018,2023,FR
19,user019,2021,EE
20,user020,2020,US
21,user021,2022,FR
22,user022,2016,SE
23,user023,2018,DE
24,user024,2021,SE
25,user025,2021,IT
26,user026,2020,GB
27,user027,2016,GB
28,user028,2020,SE
29,user029,2022,EE
30,user030,2017,JP
31,user031,2018,DE
32,user032,2020,FR
33,user033,2018,FR
34,user034,2020,US
35,user035,2022,IT
36,user036,2020,IT
37,user037,2024,GB
38,user038,2025,GB
39,user039,2021,JP
40,user040,2023,US
